<?xml version="1.0" encoding="UTF-8"?>
<project-private xmlns="http://www.netbeans.org/ns/project-private/1">
    <editor-bookmarks xmlns="http://www.netbeans.org/ns/editor-bookmarks/2" lastBookmarkId="0"/>
    <open-files xmlns="http://www.netbeans.org/ns/projectui-open-files/2">
        <group>
            <file>file:/C:/Users/bihas/OneDrive/Documents/NetBeansProjects/SCHOOL%20EVENT%20MANAGEMENT%20SYSTEM/src/StudentDashBoardForm.java</file>
            <file>file:/C:/Users/bihas/OneDrive/Documents/NetBeansProjects/SCHOOL%20EVENT%20MANAGEMENT%20SYSTEM/src/StudentLoginForm.java</file>
            <file>file:/C:/Users/bihas/OneDrive/Documents/NetBeansProjects/SCHOOL%20EVENT%20MANAGEMENT%20SYSTEM/src/RoleSelectionForm.java</file>
            <file>file:/C:/Users/bihas/OneDrive/Documents/NetBeansProjects/SCHOOL%20EVENT%20MANAGEMENT%20SYSTEM/src/AdminDashBoardForm.java</file>
            <file>file:/C:/Users/bihas/OneDrive/Documents/NetBeansProjects/SCHOOL%20EVENT%20MANAGEMENT%20SYSTEM/src/PendingApprovalForm.java</file>
            <file>file:/C:/Users/bihas/OneDrive/Documents/NetBeansProjects/SCHOOL%20EVENT%20MANAGEMENT%20SYSTEM/src/ManageEventForm.java</file>
            <file>file:/C:/Users/bihas/OneDrive/Documents/NetBeansProjects/SCHOOL%20EVENT%20MANAGEMENT%20SYSTEM/src/AdminLoginForm.java</file>
            <file>file:/C:/Users/bihas/OneDrive/Documents/NetBeansProjects/SCHOOL%20EVENT%20MANAGEMENT%20SYSTEM/src/ForgotPasswordForm.java</file>
            <file>file:/C:/Users/bihas/OneDrive/Documents/NetBeansProjects/SCHOOL%20EVENT%20MANAGEMENT%20SYSTEM/src/StudentSubmissionForm.java</file>
            <file>file:/C:/Users/bihas/OneDrive/Documents/NetBeansProjects/SCHOOL%20EVENT%20MANAGEMENT%20SYSTEM/src/db/SessionManager.java</file>
            <file>file:/C:/Users/bihas/OneDrive/Documents/NetBeansProjects/SCHOOL%20EVENT%20MANAGEMENT%20SYSTEM/src/UserManagementForm.java</file>
            <file>file:/C:/Users/bihas/OneDrive/Documents/NetBeansProjects/SCHOOL%20EVENT%20MANAGEMENT%20SYSTEM/src/StudentSignUpForm.java</file>
            <file>file:/C:/Users/bihas/OneDrive/Documents/NetBeansProjects/SCHOOL%20EVENT%20MANAGEMENT%20SYSTEM/src/db/DBConnection.java</file>
        </group>
    </open-files>
</project-private>
